Redistribution_Index,t_trigger,Threshold,Sw1_before,Sw2_before,Sw3_before,Sw4_before,Sw5_before,Sw1_after,Sw2_after,Sw3_after,Sw4_after,Sw5_after,R_before,R_after,IR
1,1001,50.0,15.0,50.049999999999294,5.0,1.0,8.0,7.5,55.38333333333263,6.333333333333333,8.5,1.3333333333333333,0.9991371250120955,0.9997891681952602,0.000652606300818622
2,1002,45.0,7.5,55.43333333333263,6.333333333333333,8.5,1.3333333333333333,7.5,56.32222222222151,3.388888888888889,8.5,3.388888888888889,0.9997884363957492,0.999696901493118,-9.155427218305935e-05
3,1003,40.0,7.5,56.37222222222151,3.388888888888889,8.5,3.388888888888889,8.916666666666666,62.038888888888174,1.6944444444444444,1.4166666666666665,5.083333333333333,0.999695843138484,0.9997621885339826,6.636558104538946e-05
