Redistribution_Index,t_trigger,Threshold,Sw1_before,Sw2_before,Sw3_before,Sw4_before,Sw5_before,Sw1_after,Sw2_after,Sw3_after,Sw4_after,Sw5_after,R_before,R_after,IR
1,1001,50.0,15.0,50.049999999999294,5.0,1.0,8.0,7.5,55.38333333333263,6.333333333333333,8.5,1.3333333333333333,0.9991371250120955,0.9997891681952602,0.000652606300818622
2,1001,50.0,7.5,55.38333333333263,6.333333333333333,8.5,1.3333333333333333,7.5,56.272222222221515,3.388888888888889,8.5,3.388888888888889,0.9997891681952602,0.9996979573313239,-9.123009814250207e-05
3,1001,50.0,7.5,56.272222222221515,3.388888888888889,8.5,3.388888888888889,8.916666666666666,61.93888888888818,1.6944444444444444,1.4166666666666665,5.083333333333333,0.9996979573313239,0.9997638417675027,6.590434210208616e-05
