Redistribution_Index,t_trigger,Threshold,Sw1_before,Sw2_before,Sw3_before,Sw4_before,Sw5_before,Sw1_after,Sw2_after,Sw3_after,Sw4_after,Sw5_after,R_before,R_after,IR
1,1001,50.0,15.0,50.049999999999294,5.0,1.0,8.0,7.5,50.049999999999294,2.5,8.5,10.5,0.9991371250120955,0.9993698951660125,0.00023297117892017637
2,1002,45.0,7.5,50.09999999999929,2.5,8.5,10.5,7.5,57.09999999999929,3.0,8.5,3.0,0.9993676256110483,0.9997583606676347,0.0003909823037818226
3,1003,40.0,7.5,57.14999999999929,3.0,8.5,3.0,8.916666666666666,62.81666666666595,1.5,1.4166666666666665,4.5,0.9997575182511195,0.9998109396312141,5.343433694614887e-05
